book;number;title
I;37;La Romance de Lancelot
II;37;La Joute Ancillaire
IV;26;La chambre de la Reine
IV;30;Les Bonnes
V;30;La Supplique
VI;6;Nuptiae
VI;7;Arturus Rex
VI;8;Lacrimosa
I;89;Le Fléau de Dieu
III;12;Le Fléau de Dieu II
II;68;Spiritueux
I;64;La table de Breccan
I;59;La jupe de Calogrenant
II;46;Le Cadeau
II;60;L'Alliance
VI;1;Miles Ignotus
VI;2;Centurio
VI;5;Dux bellorum
VI;8;Lacrimosa
VI;4;Arturi Inquisitio
VI;5;Dux bellorum
VI;6;Nuptiæ
VI;8;Lacrimosa
I;27;De retour de Judée
I;27;Le Retour de Judée
IV;99;Le Désordre et la Nuit
V;22;La promesse
III;98;Hollow Man
IV;2;Tous Les Matins du Monde
IV;28;La Révoquée
V;12;La roche et le fer
V;36;La Nourrice
VI;6;Nuptiæ
V;16;Les Fruits d'Hiver
V;19;Les Nocturnales
V;23;Le Forfait
I;51;Enluminures
II;45;Les Voeux
II;84;Spagenhelm
IV;14;Dagonnet et le cadastre
IV;67;Loth et le Graal
V;21;Aux yeux de tous III
VI;7;Arturus Rex
I;63;Goustan Le Cruel
I;63;Goustan le Cruel
VI;1;Miles Ignotus
VI;7;Arturus Rex
VI;7;Arturus rex
VI;8;Lacrimosa
I;22;La queue du scorpion
I;29;L’Assassin de Kaamelott
IV;53;Le Rêve d’Ygerne
II;72;L'Alliance
III;91;L’Espion
V;40;Les Pionniers
V;42;Le Destitué
VI;7;Arturus Rex
I;45;L'interprète
I;45;L’Interprète
IV;21;La Parade
V;27;Le Jurisconsulte
V;40;Les Pionniers
V;41;La Conspiratrice
VI;1;Miles Ignotus
VI;6;Nuptioe
II;20;Immaculé Karadoc
IV;26;La Chambre de la reine
VI;4;Arturi inquisitio
VI;5;Dux Bellorum
III;16;Séfriane d'Aquitaine
VI;5;Dux Bellorum
VI;8;Lacrimosa
VI;6;Nuptiæ
VI;8;Lacrimosa
VI;1;Miles Ignotus
I;59;La Visite d'Ygerne
II;69;Mater Dixit
V;24;Le dernier jour
V;69;Anton
